ID,Fx,Fy,Fz,Mx,My,Mz,q,qd,qdd
MAX_Fx_Joint0,1546.181686266667,-66.44296739333338,-248.96224900000013,54.06466350441262,182.26928103664116,304.0618671434304,"[-1.5707963267948966, 1.5707963267948966, -3.141592653589793, -3.141592653589793, -3.141592653589793, -3.141592653589793]","[-3.1, -3.1, -3.1, -4.66, -4.66, -5.2]","[-5.0, -5.0, -6.0, -7.0, -8.0, -8.0]"
MIN_Fx_Joint0,-1648.6703677240585,326.5112125772299,316.96365631912306,57.557245249592924,-759.3183362708482,386.0681662635646,"[-1.5707963267948966, -1.0471975511965976, -3.141592653589793, -3.141592653589793, -3.141592653589793, -3.141592653589793]","[-3.1, 3.1, 3.1, 4.66, 4.66, -5.2]","[5.0, 5.0, 6.0, -7.0, -8.0, -8.0]"
MAX_Fy_Joint0,-528.3846525361779,388.6047429659283,-183.46390129337973,26.869126206860997,-57.129919341088964,477.6008294363669,"[-1.5707963267948966, -1.0471975511965976, -3.141592653589793, -3.141592653589793, -3.141592653589793, -3.141592653589793]","[-3.1, 3.1, -3.1, -4.66, -4.66, 5.2]","[-5.0, 5.0, 6.0, -7.0, -8.0, -8.0]"
MIN_Fy_Joint0,1384.6432662666673,-726.4125540600002,-248.96224900000016,142.42047745481267,162.12281988639475,1008.1025599553943,"[-1.5707963267948966, 1.5707963267948966, -3.141592653589793, -3.141592653589793, -3.141592653589793, -3.141592653589793]","[-3.1, -3.1, -3.1, -4.66, -4.66, 5.2]","[-5.0, 5.0, 6.0, -7.0, -8.0, -8.0]"
MAX_Fz_Joint0,-1150.7722203621477,-350.4720252012191,329.2036563191232,148.9503988702009,-697.2168320931381,-340.81410482988986,"[-1.5707963267948966, -1.0471975511965976, -3.141592653589793, -3.141592653589793, -3.141592653589793, -3.141592653589793]","[-3.1, 3.1, 3.1, -4.66, -4.66, -5.2]","[5.0, -5.0, -6.0, -7.0, -8.0, 8.0]"
MIN_Fz_Joint0,-1101.0345454372177,-279.92726558774905,-868.1805063191232,60.520259473557935,498.66130046233445,-166.92980671672666,"[-1.5707963267948966, -1.0471975511965976, -3.141592653589793, -3.141592653589793, -3.141592653589793, -3.141592653589793]","[-3.1, -3.1, -3.1, 4.66, -4.66, -5.2]","[-5.0, -5.0, 6.0, 7.0, 8.0, -8.0]"
MAX_Mx_Joint0,1104.2182662666667,-726.4125540600002,-241.71370099999984,226.4120227148179,133.75904354635696,924.804782556165,"[-1.5707963267948966, 1.5707963267948966, 3.141592653589793, 3.141592653589793, 3.141592653589793, -3.141592653589793]","[-3.1, 3.1, 3.1, -4.66, -4.66, 5.2]","[5.0, 5.0, 6.0, -7.0, 8.0, -8.0]"
MIN_Mx_Joint0,-968.3898299907249,326.51121257723,-868.180506319123,-19.544380461073665,527.1660283344801,450.166169660208,"[-1.5707963267948966, -1.0471975511965976, -3.141592653589793, -3.141592653589793, 3.141592653589793, -3.141592653589793]","[-3.1, -3.1, -3.1, -4.66, -4.66, 5.2]","[-5.0, 5.0, 6.0, 7.0, 8.0, -8.0]"
MAX_My_Joint0,1546.1816862666667,-66.44296739333343,255.5672990000002,70.63054416931989,732.5124598935553,304.1874902285615,"[-1.5707963267948966, 1.5707963267948966, 3.141592653589793, -3.141592653589793, -3.141592653589793, -3.141592653589793]","[-3.1, 3.1, 3.1, -4.66, -4.66, -5.2]","[-5.0, -5.0, -6.0, -7.0, -8.0, 8.0]"
MIN_My_Joint0,-1648.6703677240585,326.51121257723014,329.2036563191232,57.577654073851406,-772.6060814164111,386.06837022836464,"[-1.5707963267948966, -1.0471975511965976, -3.141592653589793, -3.141592653589793, -3.141592653589793, 3.141592653589793]","[-3.1, 3.1, 3.1, 4.66, 4.66, -5.2]","[5.0, 5.0, 6.0, -7.0, -8.0, 8.0]"
MAX_Mz_Joint0,1384.643266266667,-726.4125540599999,227.69796566666682,161.4972572146532,681.8906406614458,1008.2330556139652,"[-1.5707963267948966, 1.5707963267948966, -3.141592653589793, -3.141592653589793, 3.141592653589793, -3.141592653589793]","[-3.1, 3.1, 3.1, -4.66, -4.66, 5.2]","[-5.0, 5.0, 6.0, -7.0, 8.0, 8.0]"
MIN_Mz_Joint0,-1111.5566914202304,-444.4265561423934,256.4227563191231,164.26118278276948,-600.4824878699749,-440.71461804347666,"[-1.5707963267948966, -1.0471975511965976, -3.141592653589793, 3.141592653589793, -3.141592653589793, -3.141592653589793]","[-3.1, 3.1, 3.1, -4.66, 4.66, -5.2]","[5.0, -5.0, -6.0, 7.0, -8.0, -8.0]"
MAX_F_RESULTANT_Joint0,-1648.6703677240582,326.51121257723025,-429.8464790953183,-17.855148162961797,-41.64939553359244,386.18765953333605,"[-1.5707963267948966, -1.0471975511965976, -3.141592653589793, -3.141592653589793, -3.141592653589793, -3.141592653589793]","[-3.1, -3.1, -3.1, 4.66, 4.66, -5.2]","[5.0, 5.0, 6.0, 7.0, 8.0, -8.0]"
MAX_M_RESULTANT_Joint0,1384.643266266667,-726.4125540599999,255.56729900000013,158.98635811971985,712.5738027981569,1008.2284234219653,"[-1.5707963267948966, 1.5707963267948966, -3.141592653589793, -3.141592653589793, 3.141592653589793, -3.141592653589793]","[-3.1, 3.1, 3.1, -4.66, -4.66, 5.2]","[-5.0, 5.0, 6.0, -7.0, -8.0, 8.0]"
MAX_Fx_Joint1,-361.4994413723349,657.4339057077049,-499.7219425970916,-10.04989479150037,464.31605679833154,648.8130872377586,"[-1.5707963267948966, -1.0471975511965976, -3.141592653589793, -3.141592653589793, -3.141592653589793, -3.141592653589793]","[-3.1, -3.1, 3.1, -4.66, -4.66, 5.2]","[-5.0, 5.0, 6.0, -7.0, -8.0, -8.0]"
MIN_Fx_Joint1,-1432.7816862666668,66.44296739333319,-31.00744900000013,26.568702325865445,-151.41513103664113,-196.88536882729946,"[-1.5707963267948966, 1.5707963267948966, -3.141592653589793, -3.141592653589793, -3.141592653589793, -3.141592653589793]","[-3.1, -3.1, -3.1, -4.66, -4.66, -5.2]","[-5.0, -5.0, -6.0, -7.0, -8.0, -8.0]"
MAX_Fy_Joint1,-1166.327533837896,1050.402188574372,474.37755631912296,-204.4524842374531,-634.4537785447536,920.21064076883,"[-1.5707963267948966, -1.0471975511965976, 3.141592653589793, 3.141592653589793, -3.141592653589793, 3.141592653589793]","[-3.1, 3.1, 3.1, 4.66, 4.66, -5.2]","[5.0, 5.0, 6.0, 7.0, -8.0, -8.0]"
MIN_Fy_Joint1,-792.2542422666666,-251.08487034000024,-349.8204350000001,110.36442131006785,236.2703716136539,-428.7015381001348,"[-1.5707963267948966, 1.5707963267948966, 3.141592653589793, 3.141592653589793, -3.141592653589793, 3.141592653589793]","[-3.1, -3.1, 3.1, -4.66, 4.66, -5.2]","[5.0, -5.0, -6.0, -7.0, 8.0, -8.0]"
MAX_Fz_Joint1,-1073.626708614498,215.1684330410381,547.1584563191232,-111.78832706006551,-704.9083270484018,32.020168354116144,"[-1.5707963267948966, -1.0471975511965976, -3.141592653589793, -3.141592653589793, -3.141592653589793, -3.141592653589793]","[-3.1, 3.1, 3.1, -4.66, -4.66, -5.2]","[5.0, -5.0, -6.0, -7.0, -8.0, 8.0]"
MIN_Fz_Joint1,-1191.6948003759123,364.7931495077048,-650.2257063191232,42.73728198777057,515.5027872364489,189.8210163846022,"[-1.5707963267948966, -1.0471975511965976, -3.141592653589793, -3.141592653589793, -3.141592653589793, -3.141592653589793]","[-3.1, -3.1, -3.1, 4.66, -4.66, -5.2]","[-5.0, -5.0, 6.0, 7.0, 8.0, -8.0]"
MAX_Mx_Joint1,-1104.4557258666666,-84.85685634000004,-576.5893490000003,162.9386563606375,471.89224720376893,-264.47632300906577,"[-1.5707963267948966, 1.5707963267948966, 3.141592653589793, -3.141592653589793, 3.141592653589793, -3.141592653589793]","[-3.1, -3.1, -3.1, 4.66, -4.66, 5.2]","[5.0, -5.0, -6.0, 7.0, 8.0, -8.0]"
MIN_Mx_Joint1,-1271.2432662666665,726.41255406,473.52209900000014,-241.8205658414419,-681.7196527981569,559.6196355312353,"[-1.5707963267948966, 1.5707963267948966, 3.141592653589793, 3.141592653589793, -3.141592653589793, -3.141592653589793]","[-3.1, 3.1, 3.1, -4.66, -4.66, 5.2]","[-5.0, 5.0, 6.0, -7.0, -8.0, 8.0]"
MAX_My_Joint1,-773.6018680390016,823.6619197077048,-650.2257063191231,-12.348366204401485,580.2209256690053,763.9401049568731,"[-1.5707963267948966, -1.0471975511965976, -3.141592653589793, 3.141592653589793, -3.141592653589793, -3.141592653589793]","[-3.1, -3.1, -3.1, -4.66, -4.66, 5.2]","[-5.0, 5.0, 6.0, 7.0, 8.0, -8.0]"
MIN_My_Joint1,-1334.4745455403404,365.7690019077048,547.158456319123,-136.18876197845296,-745.7482414553904,134.92245311797353,"[-1.5707963267948966, -1.0471975511965976, -3.141592653589793, -3.141592653589793, -3.141592653589793, -3.141592653589793]","[-3.1, 3.1, 3.1, 4.66, 4.66, 5.2]","[5.0, -5.0, -6.0, -7.0, -8.0, 8.0]"
MAX_Mz_Joint1,-1166.3275338378958,1050.4021885743716,-139.11077909531824,-165.6076064994071,-20.85855883193774,920.3519348514012,"[-1.5707963267948966, -1.0471975511965976, -3.141592653589793, -3.141592653589793, -3.141592653589793, 3.141592653589793]","[-3.1, -3.1, -3.1, 4.66, 4.66, -5.2]","[5.0, 5.0, 6.0, -7.0, 8.0, 8.0]"
MIN_Mz_Joint1,-845.8792422666666,-251.08487034000012,74.67966499999993,40.832473676867835,-190.77890644647943,-436.11504303013476,"[-1.5707963267948966, 1.5707963267948966, -3.141592653589793, -3.141592653589793, -3.141592653589793, -3.141592653589793]","[-3.1, -3.1, 3.1, -4.66, 4.66, -5.2]","[-5.0, -5.0, -6.0, 7.0, -8.0, -8.0]"
MAX_F_RESULTANT_Joint1,-1166.3275338378962,1050.4021885743718,547.158456319123,-228.614069928853,-724.5109597364202,920.2216431576298,"[-1.5707963267948966, -1.0471975511965976, 3.141592653589793, -3.141592653589793, -3.141592653589793, -3.141592653589793]","[-3.1, 3.1, 3.1, 4.66, 4.66, -5.2]","[5.0, 5.0, 6.0, -7.0, -8.0, 8.0]"
MAX_M_RESULTANT_Joint1,-1166.327533837896,1050.4021885743716,547.158456319123,-228.61406992885304,-724.5109597364202,920.22164315763,"[-1.5707963267948966, -1.0471975511965976, -3.141592653589793, 3.141592653589793, -3.141592653589793, 3.141592653589793]","[-3.1, 3.1, 3.1, 4.66, 4.66, -5.2]","[5.0, 5.0, 6.0, -7.0, -8.0, 8.0]"
MAX_Fx_Joint2,886.1767553132638,331.4340228998985,-960.03355275086,-283.45427139803365,234.13179783361338,-177.71432873033658,"[-1.5707963267948966, -1.0471975511965976, -3.141592653589793, -3.141592653589793, -3.141592653589793, 3.141592653589793]","[-3.1, 3.1, 3.1, 4.66, 4.66, -5.2]","[5.0, 5.0, 6.0, 7.0, 8.0, -8.0]"
MIN_Fx_Joint2,-228.67325034000024,-207.53367500000002,-531.7139622666666,-12.257145815626139,-188.71919610199467,66.46229611006784,"[-1.5707963267948966, 1.5707963267948966, 3.141592653589793, 3.141592653589793, -3.141592653589793, 3.141592653589793]","[-3.1, -3.1, 3.1, -4.66, 4.66, -5.2]","[5.0, -5.0, -6.0, -7.0, 8.0, -8.0]"
MAX_Fy_Joint2,636.762666446597,432.0842562332319,-730.6170275274619,-298.895765392793,186.92650285485533,-167.6900136084158,"[-1.5707963267948966, -1.0471975511965976, -3.141592653589793, -3.141592653589793, -3.141592653589793, -3.141592653589793]","[-3.1, 3.1, 3.1, -4.66, -4.66, -5.2]","[5.0, 5.0, 6.0, -7.0, -8.0, 8.0]"
MIN_Fy_Joint2,148.87049977993024,-535.1515062332318,-779.3121152495212,83.6265537864257,-56.7498551828054,51.85232681139978,"[-1.5707963267948966, -1.0471975511965976, -3.141592653589793, -3.141592653589793, -3.141592653589793, -3.141592653589793]","[-3.1, -3.1, -3.1, -4.66, -4.66, -5.2]","[-5.0, -5.0, -6.0, 7.0, 8.0, -8.0]"
MAX_Fz_Joint2,493.20847244659694,48.23470748879978,-155.20546028529884,-35.71433339507756,234.8192995609591,-87.73165091709915,"[-1.5707963267948966, -1.0471975511965976, -3.141592653589793, -3.141592653589793, -3.141592653589793, -3.141592653589793]","[-3.1, 3.1, -3.1, -4.66, -4.66, 5.2]","[-5.0, 5.0, 6.0, -7.0, -8.0, -8.0]"
MIN_Fz_Joint2,88.85458739333342,-13.460689000000023,-1172.241406266667,-166.8387491679212,-176.67468625735935,11.563762945865394,"[-1.5707963267948966, 1.5707963267948966, -3.141592653589793, -3.141592653589793, -3.141592653589793, -3.141592653589793]","[-3.1, -3.1, -3.1, -4.66, -4.66, -5.2]","[-5.0, -5.0, -6.0, -7.0, -8.0, -8.0]"
MAX_Mx_Joint2,493.20847244659683,-473.05797584453364,-155.20546028529887,153.05059980610028,234.81313332895903,-2.64504257683243,"[-1.5707963267948966, -1.0471975511965976, -3.141592653589793, -3.141592653589793, -3.141592653589793, -3.141592653589793]","[-3.1, -3.1, 3.1, -4.66, -4.66, 5.2]","[-5.0, 5.0, 6.0, 7.0, 8.0, -8.0]"
MIN_Mx_Joint2,88.85458739333316,331.2353390000001,-1172.2414062666667,-367.1267983287553,-176.54906317222824,-109.56450435104183,"[-1.5707963267948966, 1.5707963267948966, 3.141592653589793, 3.141592653589793, 3.141592653589793, -3.141592653589793]","[-3.1, 3.1, 3.1, -4.66, -4.66, -5.2]","[-5.0, -5.0, -6.0, -7.0, -8.0, 8.0]"
MAX_My_Joint2,686.2489864465971,404.2149228998985,-613.7484992299061,-268.3459638657272,237.5721971458187,-169.33649150334915,"[-1.5707963267948966, -1.0471975511965976, -3.141592653589793, -3.141592653589793, 3.141592653589793, 3.141592653589793]","[-3.1, 3.1, 3.1, -4.66, -4.66, 5.2]","[5.0, 5.0, 6.0, -7.0, 8.0, 8.0]"
MIN_My_Joint2,11.704683659999851,258.4544390000002,-1120.9185089333334,-319.14110909039414,-197.55025699660993,-72.34387890751863,"[-1.5707963267948966, 1.5707963267948966, 3.141592653589793, -3.141592653589793, 3.141592653589793, -3.141592653589793]","[-3.1, 3.1, 3.1, -4.66, 4.66, 5.2]","[-5.0, -5.0, -6.0, 7.0, -8.0, -8.0]"
MAX_Mz_Joint2,-62.44523634000008,-434.30258900000024,-843.9154458666667,66.21387237248877,-139.68999471292574,119.0365311606375,"[-1.5707963267948966, 1.5707963267948966, 3.141592653589793, -3.141592653589793, 3.141592653589793, -3.141592653589793]","[-3.1, -3.1, -3.1, 4.66, -4.66, 5.2]","[5.0, -5.0, -6.0, 7.0, 8.0, -8.0]"
MIN_Mz_Joint2,886.1767553132637,432.0842562332317,-960.0335527508599,-334.44400302641134,234.1381680304134,-208.39467932680327,"[-1.5707963267948966, -1.0471975511965976, 3.141592653589793, 3.141592653589793, 3.141592653589793, -3.141592653589793]","[-3.1, 3.1, 3.1, 4.66, 4.66, -5.2]","[5.0, 5.0, 6.0, -7.0, -8.0, 8.0]"
MAX_F_RESULTANT_Joint2,886.1767553132637,432.0842562332318,-960.03355275086,-334.4440030264114,234.1381680304134,-208.39467932680324,"[-1.5707963267948966, -1.0471975511965976, -3.141592653589793, -3.141592653589793, -3.141592653589793, 3.141592653589793]","[-3.1, 3.1, 3.1, 4.66, 4.66, -5.2]","[5.0, 5.0, 6.0, -7.0, -8.0, 8.0]"
MAX_M_RESULTANT_Joint2,886.1767553132637,432.0842562332318,-960.03355275086,-334.4440030264114,234.1381680304134,-208.39467932680324,"[-1.5707963267948966, -1.0471975511965976, -3.141592653589793, -3.141592653589793, -3.141592653589793, 3.141592653589793]","[-3.1, 3.1, 3.1, 4.66, 4.66, -5.2]","[5.0, 5.0, 6.0, -7.0, -8.0, 8.0]"
MAX_Fx_Joint3,354.4178390000002,-796.4225562666668,-488.8842540599999,-66.52968472004812,106.60436154347848,-201.06952763820556,"[-1.5707963267948966, 1.5707963267948966, 3.141592653589793, -3.141592653589793, -3.141592653589793, -3.141592653589793]","[-3.1, -3.1, -3.1, -4.66, -4.66, -5.2]","[5.0, 5.0, 6.0, 7.0, 8.0, -8.0]"
MIN_Fx_Joint3,-298.9200890000003,-702.3897389333332,-218.83643032666666,48.132967066048096,-92.4799327214497,169.69828209537525,"[-1.5707963267948966, 1.5707963267948966, -3.141592653589793, 3.141592653589793, -3.141592653589793, -3.141592653589793]","[-3.1, 3.1, 3.1, -4.66, 4.66, -5.2]","[-5.0, 5.0, -6.0, -7.0, -8.0, 8.0]"
MAX_Fy_Joint3,7.161800692226596,14.84157534286873,-391.65672427522986,-227.370065304627,-0.15409380517399462,-2.1138901579526106,"[-1.5707963267948966, -1.0471975511965976, -3.141592653589793, -3.141592653589793, -3.141592653589793, -3.141592653589793]","[-3.1, 3.1, -3.1, -4.66, -4.66, 5.2]","[-5.0, 5.0, 6.0, -7.0, 8.0, -8.0]"
MIN_Fy_Joint3,45.775939000000015,-920.4332562666668,-149.90458739333346,171.12920885730733,24.449463345878414,-27.498164643938818,"[-1.5707963267948966, 1.5707963267948966, -3.141592653589793, -3.141592653589793, -3.141592653589793, -3.141592653589793]","[-3.1, -3.1, -3.1, -4.66, -4.66, -5.2]","[-5.0, -5.0, -6.0, -7.0, -8.0, -8.0]"
MAX_Fz_Joint3,188.18982499999998,-336.36881226666657,167.62325034000014,183.1755305529427,49.49635579962081,-105.01882470254054,"[-1.5707963267948966, 1.5707963267948966, 3.141592653589793, -3.141592653589793, -3.141592653589793, -3.141592653589793]","[-3.1, -3.1, 3.1, -4.66, 4.66, -5.2]","[5.0, -5.0, -6.0, 7.0, 8.0, -8.0]"
MIN_Fz_Joint3,-279.29253108092473,-736.8393883790276,-772.2500071418967,-225.9902160307703,-59.55672867101757,161.73135624542664,"[-1.5707963267948966, -1.0471975511965976, -3.141592653589793, -3.141592653589793, -3.141592653589793, 3.141592653589793]","[-3.1, 3.1, 3.1, 4.66, 4.66, -5.2]","[5.0, 5.0, 6.0, -7.0, -8.0, -8.0]"
MAX_Mx_Joint3,-226.1391890000001,-869.1103589333334,-72.75468365999984,192.00477959655794,-68.31063387004964,130.1775318461181,"[-1.5707963267948966, 1.5707963267948966, 3.141592653589793, 3.141592653589793, 3.141592653589793, -3.141592653589793]","[-3.1, 3.1, 3.1, -4.66, 4.66, 5.2]","[-5.0, -5.0, -6.0, 7.0, -8.0, -8.0]"
MIN_Mx_Joint3,-263.6631977475914,-390.5543348580736,-572.32223827523,-229.42444911097562,-56.67837181776347,157.78864018289983,"[-1.5707963267948966, -1.0471975511965976, -3.141592653589793, -3.141592653589793, 3.141592653589793, 3.141592653589793]","[-3.1, 3.1, 3.1, -4.66, -4.66, 5.2]","[5.0, 5.0, 6.0, -7.0, 8.0, 8.0]"
MAX_My_Joint3,354.41783900000013,-866.7355362666667,-224.0545073933333,127.15604603469944,106.62133049547846,-201.18178225765195,"[-1.5707963267948966, 1.5707963267948966, 3.141592653589793, -3.141592653589793, -3.141592653589793, -3.141592653589793]","[-3.1, -3.1, -3.1, -4.66, -4.66, 5.2]","[5.0, -5.0, -6.0, 7.0, 8.0, -8.0]"
MIN_My_Joint3,-298.9200890000002,-550.5965958666668,-337.5844303266668,-89.32261129787076,-92.88463183240087,167.5589935567856,"[-1.5707963267948966, 1.5707963267948966, 3.141592653589793, -3.141592653589793, -3.141592653589793, -3.141592653589793]","[-3.1, 3.1, 3.1, 4.66, -4.66, 5.2]","[-5.0, 5.0, 6.0, -7.0, -8.0, 8.0]"
MAX_Mz_Joint3,-298.9200890000002,-800.4748362666667,-563.03417406,-96.3771859412274,-92.81849414957289,169.80478688948085,"[-1.5707963267948966, 1.5707963267948966, -3.141592653589793, 3.141592653589793, 3.141592653589793, -3.141592653589793]","[-3.1, 3.1, 3.1, -4.66, -4.66, 5.2]","[-5.0, 5.0, 6.0, -7.0, -8.0, 8.0]"
MIN_Mz_Joint3,354.41783900000013,-840.2353589333334,-72.75468365999996,184.81788945640906,106.12629117088326,-201.18187259454797,"[-1.5707963267948966, 1.5707963267948966, 3.141592653589793, -3.141592653589793, 3.141592653589793, -3.141592653589793]","[-3.1, -3.1, -3.1, -4.66, 4.66, 5.2]","[5.0, -5.0, -6.0, 7.0, 8.0, -8.0]"
MAX_F_RESULTANT_Joint3,-291.53253108092474,-736.8393883790276,-772.2500071418967,-225.9904199955703,-62.74847777821758,166.74964551262667,"[-1.5707963267948966, -1.0471975511965976, -3.141592653589793, -3.141592653589793, -3.141592653589793, 3.141592653589793]","[-3.1, 3.1, 3.1, 4.66, 4.66, -5.2]","[5.0, 5.0, 6.0, -7.0, -8.0, 8.0]"
MAX_M_RESULTANT_Joint3,354.4178390000002,-371.74429853333345,-563.0341740599999,-225.27466379119528,106.17545990171125,-198.78609899952318,"[-1.5707963267948966, 1.5707963267948966, 3.141592653589793, -3.141592653589793, 3.141592653589793, 3.141592653589793]","[-3.1, -3.1, -3.1, 4.66, 4.66, -5.2]","[5.0, 5.0, 6.0, 7.0, 8.0, -8.0]"
MAX_Fx_Joint4,188.66670309193387,110.531353504182,346.15857979627606,-91.35819420060736,26.13935913404312,35.258512278025336,"[-1.5707963267948966, -1.0471975511965976, -3.141592653589793, -3.141592653589793, -3.141592653589793, -3.141592653589793]","[-3.1, 3.1, 3.1, -4.66, -4.66, -5.2]","[5.0, -5.0, -6.0, -7.0, -8.0, 8.0]"
MIN_Fx_Joint4,-223.55100309193384,153.68073497084868,412.72975996830337,-106.08963668527905,-32.090669912634624,-42.088652615213945,"[-1.5707963267948966, -1.0471975511965976, -3.141592653589793, -3.141592653589793, 3.141592653589793, -3.141592653589793]","[-3.1, -3.1, -3.1, 4.66, -4.66, -5.2]","[-5.0, -5.0, 6.0, 7.0, 8.0, -8.0]"
MAX_Fy_Joint4,176.42670309193383,496.3422740375155,419.832742231034,-177.53425632736156,23.461483363718056,31.634855191212782,"[-1.5707963267948966, -1.0471975511965976, -3.141592653589793, -3.141592653589793, -3.141592653589793, 3.141592653589793]","[-3.1, 3.1, 3.1, 4.66, 4.66, -5.2]","[5.0, 5.0, 6.0, -7.0, -8.0, -8.0]"
MIN_Fy_Joint4,-118.61934999999997,-144.4860908400001,127.39901226666665,8.83921231668089,-20.317002161650866,-24.3202893286748,"[-1.5707963267948966, 1.5707963267948966, 3.141592653589793, -3.141592653589793, -3.141592653589793, -3.141592653589793]","[-3.1, -3.1, 3.1, -4.66, 4.66, -5.2]","[5.0, -5.0, -6.0, 7.0, 8.0, -8.0]"
MAX_Fz_Joint4,-11.654513999999942,89.96329689333344,534.5815562666668,-131.455695340213,-3.8090896296765973,-4.628634157416387,"[-1.5707963267948966, 1.5707963267948966, -3.141592653589793, -3.141592653589793, -3.141592653589793, -3.141592653589793]","[-3.1, -3.1, -3.1, -4.66, -4.66, -5.2]","[-5.0, -5.0, -6.0, -7.0, -8.0, -8.0]"
MIN_Fz_Joint4,16.22241883713293,266.6327761708486,-48.249036246634006,-30.96133780010871,4.3875972663538025,3.8918410691061127,"[-1.5707963267948966, -1.0471975511965976, -3.141592653589793, -3.141592653589793, -3.141592653589793, -3.141592653589793]","[-3.1, 3.1, -3.1, -4.66, -4.66, 5.2]","[-5.0, 5.0, 6.0, -7.0, -8.0, -8.0]"
MAX_Mx_Joint4,-76.09594999999996,-144.4860908400001,127.39901226666665,8.850075986480892,-11.491772136917524,-14.274730387274788,"[-1.5707963267948966, 1.5707963267948966, 3.141592653589793, -3.141592653589793, -3.141592653589793, 3.141592653589793]","[-3.1, -3.1, 3.1, -4.66, 4.66, -5.2]","[5.0, -5.0, -6.0, -7.0, 8.0, 8.0]"
MIN_Mx_Joint4,146.14330309193383,496.3422740375154,419.832742231034,-177.54491603236158,17.757564071784714,24.781045357012786,"[-1.5707963267948966, -1.0471975511965976, -3.141592653589793, -3.141592653589793, -3.141592653589793, -3.141592653589793]","[-3.1, 3.1, 3.1, 4.66, 4.66, -5.2]","[5.0, 5.0, 6.0, 7.0, -8.0, -8.0]"
MAX_My_Joint4,166.88461400000014,12.813393160000086,409.58898586666675,-83.61444579955663,30.723294956743167,36.40444026626283,"[-1.5707963267948966, 1.5707963267948966, -3.141592653589793, -3.141592653589793, -3.141592653589793, 3.141592653589793]","[-3.1, 3.1, 3.1, 4.66, -4.66, -5.2]","[-5.0, -5.0, -6.0, -7.0, -8.0, 8.0]"
MIN_My_Joint4,-201.7689140000001,362.95288356,169.05076853333347,-92.8913000334989,-36.28750341091475,-42.85622622424922,"[-1.5707963267948966, 1.5707963267948966, 3.141592653589793, 3.141592653589793, 3.141592653589793, -3.141592653589793]","[-3.1, -3.1, -3.1, 4.66, 4.66, -5.2]","[5.0, 5.0, 6.0, 7.0, 8.0, -8.0]"
MAX_Mz_Joint4,166.88461400000017,137.50313982666674,337.1780658666667,-75.34961613088159,30.61175780502476,36.42119123126283,"[-1.5707963267948966, 1.5707963267948966, 3.141592653589793, -3.141592653589793, -3.141592653589793, -3.141592653589793]","[-3.1, 3.1, 3.1, 4.66, -4.66, 5.2]","[-5.0, 5.0, 6.0, -7.0, -8.0, 8.0]"
MIN_Mz_Joint4,-201.7689140000001,89.96329689333345,516.4315562666666,-127.89550297321297,-35.853377787009954,-43.301878831016424,"[-1.5707963267948966, 1.5707963267948966, -3.141592653589793, -3.141592653589793, 3.141592653589793, 3.141592653589793]","[-3.1, -3.1, -3.1, -4.66, -4.66, -5.2]","[5.0, -5.0, -6.0, 7.0, 8.0, -8.0]"
MAX_F_RESULTANT_Joint4,188.6667030919338,496.3422740375154,419.832742231034,-177.53405236256157,26.582794096518047,34.82660429841279,"[-1.5707963267948966, -1.0471975511965976, -3.141592653589793, -3.141592653589793, -3.141592653589793, -3.141592653589793]","[-3.1, 3.1, 3.1, 4.66, 4.66, -5.2]","[5.0, 5.0, 6.0, -7.0, -8.0, 8.0]"
MAX_M_RESULTANT_Joint4,188.6667030919338,496.3422740375154,419.832742231034,-177.53405236256157,26.582794096518047,34.82660429841279,"[-1.5707963267948966, -1.0471975511965976, -3.141592653589793, -3.141592653589793, -3.141592653589793, -3.141592653589793]","[-3.1, 3.1, 3.1, 4.66, 4.66, -5.2]","[5.0, 5.0, 6.0, -7.0, -8.0, 8.0]"
MAX_Fx_Joint5,130.3780440000001,-189.22919280000005,-35.35451856000002,32.59646133380362,16.890413466075056,33.396955716704745,"[-1.5707963267948966, 1.5707963267948966, 3.141592653589793, -3.141592653589793, 3.141592653589793, -3.141592653589793]","[-3.1, -3.1, -3.1, 4.66, -4.66, -5.2]","[5.0, -5.0, -6.0, 7.0, 8.0, -8.0]"
MIN_Fx_Joint5,-111.35024400000015,-106.50939119999988,9.275401439999978,10.267742809082794,-14.37222332983698,-28.451966742256918,"[-1.5707963267948966, 1.5707963267948966, 3.141592653589793, 3.141592653589793, -3.141592653589793, 3.141592653589793]","[-3.1, 3.1, 3.1, -4.66, 4.66, -5.2]","[-5.0, -5.0, 6.0, -7.0, -8.0, 8.0]"
MAX_Fy_Joint5,25.790699999999994,101.4998472,-205.23304656000002,39.4626006956068,3.29329690244816,6.348332220555118,"[-1.5707963267948966, 1.5707963267948966, -3.141592653589793, -3.141592653589793, -3.141592653589793, -3.141592653589793]","[-3.1, -3.1, 3.1, 4.66, 4.66, -5.2]","[5.0, 5.0, 6.0, -7.0, -8.0, -8.0]"
MIN_Fy_Joint5,18.33164399999996,-287.40003120000006,-94.10407056000005,61.76750143145243,2.539548776977756,4.628245806675911,"[-1.5707963267948966, 1.5707963267948966, -3.141592653589793, -3.141592653589793, -3.141592653589793, -3.141592653589793]","[-3.1, -3.1, -3.1, -4.66, -4.66, -5.2]","[-5.0, -5.0, -6.0, -7.0, -8.0, -8.0]"
MAX_Fz_Joint5,25.790699999999962,-20.378191199999982,97.51634544000007,-22.96900709806442,3.292470049545436,6.34949348062551,"[-1.5707963267948966, 1.5707963267948966, 3.141592653589793, -3.141592653589793, -3.141592653589793, 3.141592653589793]","[-3.1, -3.1, 3.1, -4.66, 4.66, -5.2]","[5.0, -5.0, -6.0, -7.0, -8.0, -8.0]"
MIN_Fz_Joint5,-76.16083137302368,-203.62428491435597,-354.1401053273894,116.97235131783208,-9.540186977506199,-19.264211910177593,"[-1.5707963267948966, -1.0471975511965976, -3.141592653589793, -3.141592653589793, -3.141592653589793, 3.141592653589793]","[-3.1, 3.1, 3.1, 4.66, 4.66, -5.2]","[5.0, 5.0, 6.0, -7.0, -8.0, -8.0]"
MAX_Mx_Joint5,-54.77443137302369,-203.624284914356,-354.1401053273894,116.97252978703209,-6.7474065087062005,-13.810583018977596,"[-1.5707963267948966, -1.0471975511965976, -3.141592653589793, -3.141592653589793, -3.141592653589793, 3.141592653589793]","[-3.1, 3.1, 3.1, 4.66, 4.66, -5.2]","[5.0, 5.0, 6.0, 7.0, -8.0, -8.0]"
MIN_Mx_Joint5,38.03069999999995,-20.378191199999982,97.51634544000007,-22.96922597486442,4.777735675145435,9.750184298225507,"[-1.5707963267948966, 1.5707963267948966, 3.141592653589793, -3.141592653589793, -3.141592653589793, 3.141592653589793]","[-3.1, -3.1, 3.1, -4.66, 4.66, -5.2]","[5.0, -5.0, -6.0, -7.0, 8.0, 8.0]"
MAX_My_Joint5,130.3780440000001,-252.67731120000002,-168.25399055999998,76.1226885320444,16.891520770577777,33.19991787462954,"[-1.5707963267948966, 1.5707963267948966, 3.141592653589793, -3.141592653589793, 3.141592653589793, 3.141592653589793]","[-3.1, -3.1, -3.1, -4.66, -4.66, 5.2]","[5.0, -5.0, -6.0, 7.0, 8.0, -8.0]"
MIN_My_Joint5,-111.35024400000009,-165.52199280000002,-131.05451856000005,53.52293244354922,-14.465409154648174,-28.546341724722506,"[-1.5707963267948966, 1.5707963267948966, -3.141592653589793, -3.141592653589793, -3.141592653589793, -3.141592653589793]","[-3.1, 3.1, 3.1, 4.66, -4.66, -5.2]","[-5.0, 5.0, 6.0, -7.0, -8.0, 8.0]"
MAX_Mz_Joint5,130.37804400000007,6.937447200000001,-263.95399055999997,66.49246040388358,16.79807426279057,33.39706655760074,"[-1.5707963267948966, 1.5707963267948966, -3.141592653589793, -3.141592653589793, 3.141592653589793, 3.141592653589793]","[-3.1, -3.1, -3.1, 4.66, 4.66, -5.2]","[5.0, 5.0, 6.0, 7.0, 8.0, -8.0]"
MIN_Mz_Joint5,-111.35024400000009,-199.1291928,-35.35451856000003,33.857089154149214,-14.465128703048174,-28.546362228722504,"[-1.5707963267948966, 1.5707963267948966, -3.141592653589793, -3.141592653589793, -3.141592653589793, -3.141592653589793]","[-3.1, 3.1, 3.1, 4.66, -4.66, -5.2]","[-5.0, -5.0, -6.0, -7.0, -8.0, 8.0]"
MAX_F_RESULTANT_Joint5,-88.40083137302369,-203.62428491435597,-354.1401053273894,116.97214735303208,-11.176232084706202,-22.385522642977595,"[-1.5707963267948966, -1.0471975511965976, -3.141592653589793, -3.141592653589793, -3.141592653589793, 3.141592653589793]","[-3.1, 3.1, 3.1, 4.66, 4.66, -5.2]","[5.0, 5.0, 6.0, -7.0, -8.0, 8.0]"
MAX_M_RESULTANT_Joint5,-88.40083137302369,-203.62428491435597,-354.1401053273894,116.97214735303208,-11.176232084706202,-22.385522642977595,"[-1.5707963267948966, -1.0471975511965976, -3.141592653589793, -3.141592653589793, -3.141592653589793, 3.141592653589793]","[-3.1, 3.1, 3.1, 4.66, 4.66, -5.2]","[5.0, 5.0, 6.0, -7.0, -8.0, 8.0]"
